<?xml version="1.0" encoding="utf-8" ?>
<dwsync>
<file name="function.php" server="C:/xampp/htdocs/tuyensinh/" local="131504141715888856" remote="131504141710000000" Dst="0" />
<file name="connect.php" server="C:/xampp/htdocs/tuyensinh/" local="131480185705440257" remote="131480185700000000" Dst="0" />
<file name="SendQuestions.php" server="C:/xampp/htdocs/tuyensinh/" local="131504582725403254" remote="131504582720000000" Dst="0" />
<file name="manager_question.php" server="C:/xampp/htdocs/tuyensinh/" local="131507417326307364" remote="131507417320000000" Dst="0" />
<file name="login.php" server="C:/xampp/htdocs/tuyensinh/" local="131507444748121698" remote="131507444740000000" Dst="0" />
<file name="select_new.php" server="C:/xampp/htdocs/tuyensinh/" local="131504133024535602" remote="131504133020000000" Dst="0" />
<file name="select_old.php" server="C:/xampp/htdocs/tuyensinh/" local="131504134617652646" remote="131504134610000000" Dst="0" />
<file name="form.php" server="C:/xampp/htdocs/tuyensinh/" local="131504259042585428" remote="131504259040000000" Dst="0" />
<file name="index.php" server="C:/xampp/htdocs/tuyensinh/" local="131507981717799107" remote="131507981710000000" Dst="0" />
<file name="like.php" server="C:/xampp/htdocs/tuyensinh/" local="131507980925221204" remote="131507980920000000" Dst="0" />
<file name="random.php" server="C:/xampp/htdocs/tuyensinh/" local="131507980359713806" remote="131507980350000000" Dst="0" />
</dwsync>