<?xml version="1.0" encoding="utf-8" ?>
<dwsync>
<file name="connect.php" server="C:/xampp/htdocs/tuyensinh/" local="131485954820606032" remote="131485954820000000" Dst="0" />
<file name="select_sql2.php" server="C:/xampp/htdocs/tuyensinh/" local="131503980346655123" remote="131503980340000000" Dst="0" />
<file name="bootstrap-multiselect.css" server="C:/xampp/htdocs/tuyensinh/" local="131473094860000000" remote="131473094860000000" Dst="0" />
<file name="bootstrap-multiselect.js" server="C:/xampp/htdocs/tuyensinh/" local="131473094860000000" remote="131473094860000000" Dst="0" />
<file name="admin_manager.php" server="C:/xampp/htdocs/tuyensinh/" local="131503901881423792" remote="131503901880000000" Dst="0" />
<file name="stly.css" server="C:/xampp/htdocs/tuyensinh/" local="131503859143773504" remote="131503859140000000" Dst="0" />
<file name="select_sql.php" server="C:/xampp/htdocs/tuyensinh/" local="131503825725626201" remote="131503825720000000" Dst="0" />
<file name="edit_sql.php" server="C:/xampp/htdocs/tuyensinh/" local="131503903655489906" remote="131503903650000000" Dst="0" />
</dwsync>