<?xml version="1.0" encoding="utf-8" ?>
<dwsync>
<file name="logo.png" server="C:/xampp/htdocs/tuyensinh/" local="131449614040284762" remote="131449614040000000" Dst="0" />
<file name="gototop0.png" server="C:/xampp/htdocs/tuyensinh/" local="131312133520000000" remote="131312133520000000" Dst="0" />
<file name="dotnav.png" server="C:/xampp/htdocs/tuyensinh/" local="131466597680354009" remote="131466597680000000" Dst="0" />
<file name="arrow_right.png" server="C:/xampp/htdocs/tuyensinh/" local="131466602698827118" remote="131466602690000000" Dst="0" />
<file name="Untitled-2.png" server="C:/xampp/htdocs/tuyensinh/" local="131466180355172176" remote="131466180350000000" Dst="0" />
<file name="letter.png" server="C:/xampp/htdocs/tuyensinh/" local="131468136289208697" remote="131468136280000000" Dst="0" />
<file name="brQue.jpg" server="C:/xampp/htdocs/tuyensinh/" local="131466138785819501" remote="131466138780000000" Dst="0" />
<file name="slide2.jpg" server="C:/xampp/htdocs/tuyensinh/" local="131449725394367487" remote="131449725390000000" Dst="0" />
<file name="slide0.jpg" server="C:/xampp/htdocs/tuyensinh/" local="131449725727432927" remote="131449725720000000" Dst="0" />
<file name="slide1.jpg" server="C:/xampp/htdocs/tuyensinh/" local="131449725130963715" remote="131449725130000000" Dst="0" />
<file name="bk2017.jpg" server="C:/xampp/htdocs/tuyensinh/" local="131449787660523989" remote="131449787660000000" Dst="0" />
<file name="101.jpg" server="C:/xampp/htdocs/tuyensinh/" local="131450910538923698" remote="131450910530000000" Dst="0" />
<file name="102.jpg" server="C:/xampp/htdocs/tuyensinh/" local="131449811948222644" remote="131449811940000000" Dst="0" />
<file name="103.jpg" server="C:/xampp/htdocs/tuyensinh/" local="131449812045271345" remote="131449812040000000" Dst="0" />
<file name="104.jpg" server="C:/xampp/htdocs/tuyensinh/" local="131449812159696503" remote="131449812150000000" Dst="0" />
<file name="105.jpg" server="C:/xampp/htdocs/tuyensinh/" local="131450911389393395" remote="131450911380000000" Dst="0" />
<file name="106.jpg" server="C:/xampp/htdocs/tuyensinh/" local="131449812396022476" remote="131449812390000000" Dst="0" />
<file name="like.png" server="C:/xampp/htdocs/tuyensinh/" local="131507588816338452" remote="131507588810000000" Dst="0" />
</dwsync>